{"valid/precision@10":0.0551,"eval/recall@10":0.0772,"eval/itemcoverage@10":0.248,"_runtime":205.873898,"eval/giniindex@10":0.9604,"valid/tailpercentage@10":0.0001,"_wandb":{"runtime":209},"eval/shannonentropy@10":0.0056,"train/epoch":33,"eval/precision@10":0.055,"valid/hit@10":0.4228,"eval/tailpercentage@10":0,"eval/ndcg@10":0.0752,"_step":67,"valid_step":33,"train_step":33,"valid/averagepopularity@10":1263.2198,"valid/recall@10":0.0782,"valid/itemcoverage@10":0.3285,"valid/ndcg@10":0.075,"valid/shannonentropy@10":0.0047,"_timestamp":1.749377017497445e+09,"train/train_loss":141.13492918014526,"eval/averagepopularity@10":1446.4739,"valid/giniindex@10":0.9346,"eval/hit@10":0.427}