{"valid/averagepopularity@10":1187.5551,"valid/giniindex@10":0.8936,"eval/ndcg@10":0.0736,"eval/tailpercentage@10":0.0002,"train/epoch":44,"eval/recall@10":0.0713,"eval/averagepopularity@10":1276.8976,"valid/itemcoverage@10":0.4723,"_timestamp":1.749472551597107e+09,"_runtime":221.908918,"train/train_loss":165.75052608549595,"eval/shannonentropy@10":0.004,"eval/precision@10":0.0569,"valid/ndcg@10":0.0735,"eval/hit@10":0.4411,"valid/precision@10":0.0552,"valid/recall@10":0.0706,"valid/hit@10":0.4351,"valid/tailpercentage@10":0.0005,"_step":89,"valid_step":44,"eval/itemcoverage@10":0.3976,"valid/shannonentropy@10":0.0035,"eval/giniindex@10":0.9162,"train_step":44,"_wandb":{"runtime":3646}}