{"eval/precision@10":0.0332,"train_step":76,"valid/itemcoverage@10":0.1252,"valid/hit@10":0.2988,"train/train_loss":8.326963381841779,"valid_step":76,"eval/hit@10":0.2904,"eval/giniindex@10":0.9898,"valid/ndcg@10":0.0618,"eval/itemcoverage@10":0.1021,"valid/giniindex@10":0.9868,"valid/recall@10":0.0787,"_wandb":{"runtime":2103},"_timestamp":1.749545878424213e+09,"_step":153,"eval/ndcg@10":0.0595,"_runtime":1104.214349,"eval/recall@10":0.0754,"valid/tailpercentage@10":0.0065,"eval/averagepopularity@10":631.3722,"eval/shannonentropy@10":0.0016,"valid/averagepopularity@10":574.5843,"valid/precision@10":0.0346,"train/epoch":76,"eval/tailpercentage@10":0.0041,"valid/shannonentropy@10":0.0013}