{"eval/hit@10":0.2979,"eval/averagepopularity@10":599.6047,"valid/itemcoverage@10":0.1651,"valid/shannonentropy@10":0.001,"train/epoch":92,"valid/recall@10":0.0792,"valid/precision@10":0.0347,"eval/recall@10":0.0785,"eval/ndcg@10":0.0613,"eval/tailpercentage@10":0.0081,"valid/tailpercentage@10":0.01,"eval/shannonentropy@10":0.0011,"valid/ndcg@10":0.0611,"_runtime":1266.560092,"_wandb":{"runtime":1716},"eval/precision@10":0.0345,"train_step":92,"valid/averagepopularity@10":560.9612,"valid_step":92,"train/train_loss":6.863826471380889,"_step":185,"_timestamp":1.749552537562065e+09,"eval/giniindex@10":0.9846,"valid/giniindex@10":0.981,"valid/hit@10":0.3008,"eval/itemcoverage@10":0.144}