{"valid/tailpercentage@10":0.0001,"eval/giniindex@10":0.9604,"valid/shannonentropy@10":0.0047,"valid/averagepopularity@10":1263.2198,"eval/shannonentropy@10":0.0056,"_wandb":{"runtime":137},"eval/averagepopularity@10":1446.4739,"train/epoch":33,"eval/ndcg@10":0.0752,"eval/precision@10":0.055,"valid/giniindex@10":0.9346,"valid/ndcg@10":0.075,"valid/hit@10":0.4228,"_runtime":134.632072,"eval/itemcoverage@10":0.248,"eval/hit@10":0.427,"valid/precision@10":0.0551,"_timestamp":1.749326338839901e+09,"eval/tailpercentage@10":0,"train/train_loss":141.13492918014526,"_step":67,"valid/itemcoverage@10":0.3285,"valid/recall@10":0.0782,"train_step":33,"eval/recall@10":0.0772,"valid_step":33}