{"train/epoch":33,"valid_step":33,"valid/averagepopularity@10":1263.2198,"valid/precision@10":0.0551,"valid/ndcg@10":0.075,"valid/itemcoverage@10":0.3285,"eval/averagepopularity@10":1446.4739,"eval/shannonentropy@10":0.0056,"_runtime":183.358746,"eval/precision@10":0.055,"valid/shannonentropy@10":0.0047,"eval/tailpercentage@10":0,"valid/hit@10":0.4228,"valid/recall@10":0.0782,"valid/giniindex@10":0.9346,"train_step":33,"eval/recall@10":0.0772,"train/train_loss":141.13492918014526,"_wandb":{"runtime":186},"_step":67,"eval/giniindex@10":0.9604,"eval/itemcoverage@10":0.248,"eval/hit@10":0.427,"eval/ndcg@10":0.0752,"_timestamp":1.749382042660716e+09,"valid/tailpercentage@10":0.0001}