{"eval/tailpercentage@10":0.0002,"_wandb":{"runtime":4580},"train_step":42,"eval/averagepopularity@10":1299.8173,"eval/precision@10":0.058,"eval/recall@10":0.0727,"valid/ndcg@10":0.076,"eval/ndcg@10":0.076,"valid/hit@10":0.4401,"valid/giniindex@10":0.8954,"eval/hit@10":0.4478,"valid/recall@10":0.0723,"_runtime":217.895388,"valid/averagepopularity@10":1184.3357,"train/train_loss":168.67556609213352,"valid/shannonentropy@10":0.0036,"eval/shannonentropy@10":0.0041,"valid/itemcoverage@10":0.4594,"eval/itemcoverage@10":0.375,"valid/tailpercentage@10":0.0005,"train/epoch":42,"eval/giniindex@10":0.9234,"_timestamp":1.749471607984221e+09,"valid_step":42,"valid/precision@10":0.0571,"_step":85}