{"_runtime":169.265169,"valid/giniindex@10":0.9346,"valid_step":33,"valid/shannonentropy@10":0.0047,"train_step":33,"eval/tailpercentage@10":0,"_timestamp":1.749379008153149e+09,"_wandb":{"runtime":172},"train/train_loss":141.13492918014526,"eval/averagepopularity@10":1446.4739,"valid/tailpercentage@10":0.0001,"eval/giniindex@10":0.9604,"train/epoch":33,"valid/averagepopularity@10":1263.2198,"_step":67,"eval/itemcoverage@10":0.248,"eval/precision@10":0.055,"valid/recall@10":0.0782,"valid/hit@10":0.4228,"eval/shannonentropy@10":0.0056,"eval/ndcg@10":0.0752,"valid/ndcg@10":0.075,"valid/precision@10":0.0551,"eval/recall@10":0.0772,"eval/hit@10":0.427,"valid/itemcoverage@10":0.3285}