{"eval/hit@10":0.4478,"train_step":42,"eval/tailpercentage@10":0.0002,"train/train_loss":168.67556609213352,"valid/hit@10":0.4401,"eval/averagepopularity@10":1299.8173,"valid/shannonentropy@10":0.0036,"train/epoch":42,"valid/averagepopularity@10":1184.3357,"valid/ndcg@10":0.076,"_runtime":289.205007,"valid/recall@10":0.0723,"valid/giniindex@10":0.8954,"_step":85,"eval/recall@10":0.0727,"valid/tailpercentage@10":0.0005,"_timestamp":1.749385463737631e+09,"eval/shannonentropy@10":0.0041,"_wandb":{"runtime":291},"valid/itemcoverage@10":0.4594,"eval/itemcoverage@10":0.375,"eval/giniindex@10":0.9234,"eval/precision@10":0.058,"eval/ndcg@10":0.076,"valid/precision@10":0.0571,"valid_step":42}