{"_timestamp":1.749381448910659e+09,"_wandb":{"runtime":198},"eval/giniindex@10":0.9604,"eval/recall@10":0.0772,"valid_step":33,"valid/giniindex@10":0.9346,"valid/tailpercentage@10":0.0001,"eval/tailpercentage@10":0,"valid/shannonentropy@10":0.0047,"eval/averagepopularity@10":1446.4739,"valid/precision@10":0.0551,"eval/precision@10":0.055,"eval/itemcoverage@10":0.248,"_step":67,"valid/averagepopularity@10":1263.2198,"train_step":33,"train/epoch":33,"valid/itemcoverage@10":0.3285,"valid/hit@10":0.4228,"eval/ndcg@10":0.0752,"valid/recall@10":0.0782,"_runtime":195.487155,"eval/shannonentropy@10":0.0056,"valid/ndcg@10":0.075,"eval/hit@10":0.427,"train/train_loss":141.13492918014526}