{"eval/precision@10":0.058,"valid/ndcg@10":0.076,"valid/precision@10":0.0571,"eval/shannonentropy@10":0.0041,"valid/shannonentropy@10":0.0036,"eval/averagepopularity@10":1299.8173,"valid/averagepopularity@10":1184.3357,"train_step":42,"_timestamp":1.749384657151524e+09,"_runtime":268.502114,"valid/recall@10":0.0723,"_wandb":{"runtime":271},"valid/hit@10":0.4401,"train/train_loss":168.67556609213352,"valid/giniindex@10":0.8954,"_step":85,"valid/itemcoverage@10":0.4594,"train/epoch":42,"eval/itemcoverage@10":0.375,"eval/ndcg@10":0.076,"eval/giniindex@10":0.9234,"eval/hit@10":0.4478,"valid/tailpercentage@10":0.0005,"valid_step":42,"eval/recall@10":0.0727,"eval/tailpercentage@10":0.0002}