{"valid/shannonentropy@10":0.0036,"valid_step":42,"_step":85,"eval/giniindex@10":0.9234,"eval/recall@10":0.0727,"eval/averagepopularity@10":1299.8173,"valid/precision@10":0.0571,"valid/ndcg@10":0.076,"eval/ndcg@10":0.076,"_wandb":{"runtime":214},"_runtime":211.686513,"valid/giniindex@10":0.8954,"eval/itemcoverage@10":0.375,"valid/averagepopularity@10":1184.3357,"eval/hit@10":0.4478,"valid/tailpercentage@10":0.0005,"train/train_loss":168.67556609213352,"_timestamp":1.74938579037861e+09,"eval/tailpercentage@10":0.0002,"valid/itemcoverage@10":0.4594,"eval/precision@10":0.058,"valid/hit@10":0.4401,"valid/recall@10":0.0723,"train/epoch":42,"train_step":42,"eval/shannonentropy@10":0.0041}