{"eval/averagepopularity@10":631.3722,"valid/itemcoverage@10":0.1252,"train_step":76,"_timestamp":1.7495484459201899e+09,"valid/ndcg@10":0.0618,"valid/shannonentropy@10":0.0013,"_runtime":1076.208955,"_wandb":{"runtime":16756},"eval/precision@10":0.0332,"valid/averagepopularity@10":574.5843,"valid/tailpercentage@10":0.0065,"eval/itemcoverage@10":0.1021,"eval/tailpercentage@10":0.0041,"eval/shannonentropy@10":0.0016,"valid/hit@10":0.2988,"eval/recall@10":0.0754,"eval/hit@10":0.2904,"valid/giniindex@10":0.9868,"valid/precision@10":0.0346,"valid_step":76,"train/epoch":76,"eval/giniindex@10":0.9898,"_step":153,"valid/recall@10":0.0787,"eval/ndcg@10":0.0595,"train/train_loss":8.326963381841779}