{"valid/giniindex@10":0.9328,"eval/shannonentropy@10":0.0045,"valid/tailpercentage@10":0.0007,"train/epoch":45,"eval/giniindex@10":0.9538,"train/train_loss":84.71690982580185,"valid/precision@10":0.0545,"_step":91,"eval/hit@10":0.4359,"eval/recall@10":0.0659,"valid/recall@10":0.0665,"valid/itemcoverage@10":0.3985,"valid/ndcg@10":0.0711,"eval/ndcg@10":0.0721,"train_step":45,"eval/averagepopularity@10":759.4897,"_wandb":{"runtime":272},"eval/itemcoverage@10":0.3146,"valid/shannonentropy@10":0.0038,"valid/averagepopularity@10":698.2828,"valid_step":45,"eval/precision@10":0.0565,"valid/hit@10":0.4258,"eval/tailpercentage@10":0.0005,"_timestamp":1.749475389338075e+09,"_runtime":148.880451}