{"_timestamp":1.7492414677406452e+09,"eval/precision@10":0.0554,"train/epoch":39,"_runtime":185.27123,"eval/shannonentropy@10":0.0051,"valid_step":39,"eval/recall@10":0.0785,"valid/precision@10":0.056,"valid/itemcoverage@10":0.3502,"valid/tailpercentage@10":0.0001,"eval/itemcoverage@10":0.2662,"eval/averagepopularity@10":1373.8901,"valid/averagepopularity@10":1268.1138,"_wandb":{"runtime":187},"eval/tailpercentage@10":0,"valid/shannonentropy@10":0.0042,"_step":79,"valid/hit@10":0.4354,"valid/ndcg@10":0.0761,"valid/recall@10":0.0797,"eval/ndcg@10":0.0765,"train_step":39,"eval/giniindex@10":0.9533,"train/train_loss":126.88581755757332,"eval/hit@10":0.4299,"valid/giniindex@10":0.9318}