{"_step":91,"valid/itemcoverage@10":0.3969,"eval/itemcoverage@10":0.3146,"eval/recall@10":0.0655,"eval/ndcg@10":0.073,"eval/averagepopularity@10":761.9132,"_runtime":146.74821,"eval/hit@10":0.4331,"train/train_loss":84.65609826147556,"eval/precision@10":0.0567,"valid/hit@10":0.428,"train_step":45,"valid_step":45,"valid/recall@10":0.0659,"valid/giniindex@10":0.9339,"_wandb":{"runtime":408},"_timestamp":1.749475719640086e+09,"valid/precision@10":0.0553,"valid/shannonentropy@10":0.0038,"train/epoch":45,"valid/ndcg@10":0.0715,"eval/shannonentropy@10":0.0045,"eval/giniindex@10":0.9558,"valid/tailpercentage@10":0.0007,"valid/averagepopularity@10":702.9264,"eval/tailpercentage@10":0.0006}