{"eval/hit@10":0.3877,"valid_step":3,"eval/ndcg@10":0.0634,"eval/tailpercentage@10":0.0003,"valid/recall@10":0.0531,"_wandb":{"runtime":3137},"valid/giniindex@10":0.9957,"valid/averagepopularity@10":2138.0943,"_timestamp":1.749412563197912e+09,"_step":137,"eval/shannonentropy@10":0.0206,"valid/shannonentropy@10":0.0206,"eval/averagepopularity@10":2138.0943,"train/train_loss":281.35548090934753,"eval/itemcoverage@10":0.0397,"valid/itemcoverage@10":0.0397,"_runtime":3137.217970625,"valid/hit@10":0.3877,"valid/tailpercentage@10":0.0003,"eval/giniindex@10":0.9957,"valid/precision@10":0.0498,"valid/ndcg@10":0.0634,"eval/precision@10":0.0498,"train_step":3,"train/epoch":3,"eval/recall@10":0.0531}