{"valid/shannonentropy@10":0.0039,"valid/precision@10":0.0574,"eval/averagepopularity@10":1491.3817,"valid/recall@10":0.0697,"train_step":32,"_runtime":167.869947,"_step":65,"valid_step":32,"_timestamp":1.749568414879811e+09,"eval/recall@10":0.0696,"valid/ndcg@10":0.0753,"eval/itemcoverage@10":0.2859,"train/train_loss":210.91105376183987,"_wandb":{"runtime":711},"valid/tailpercentage@10":0.0003,"eval/ndcg@10":0.0754,"valid/itemcoverage@10":0.3957,"eval/giniindex@10":0.9518,"train/epoch":32,"eval/hit@10":0.4467,"valid/giniindex@10":0.92,"valid/hit@10":0.4414,"valid/averagepopularity@10":1304.9981,"eval/tailpercentage@10":0.0002,"eval/shannonentropy@10":0.005,"eval/precision@10":0.0583}