{"eval/averagepopularity@10":545.078,"_step":199,"valid/giniindex@10":0.9782,"valid/itemcoverage@10":0.1817,"valid/tailpercentage@10":0.0129,"train/train_loss":5.988245582208037,"eval/precision@10":0.0347,"valid/shannonentropy@10":0.001,"valid/recall@10":0.0788,"valid/hit@10":0.3019,"valid_step":99,"eval/shannonentropy@10":0.001,"valid/precision@10":0.0347,"_runtime":1353.645515,"train_step":99,"eval/hit@10":0.2982,"_wandb":{"runtime":2122},"train/epoch":99,"eval/giniindex@10":0.9793,"eval/itemcoverage@10":0.1743,"eval/tailpercentage@10":0.0122,"eval/recall@10":0.0791,"valid/averagepopularity@10":536.3203,"eval/ndcg@10":0.0617,"_timestamp":1.749568153493275e+09,"valid/ndcg@10":0.0614}