{"_step":81,"train/epoch":40,"valid/recall@10":0.0776,"valid/averagepopularity@10":1212.4365,"eval/recall@10":0.0789,"eval/giniindex@10":0.9447,"eval/ndcg@10":0.0759,"valid/giniindex@10":0.9208,"train_step":40,"train/train_loss":133.4406255632639,"eval/precision@10":0.0556,"_wandb":{"runtime":159},"valid/shannonentropy@10":0.0042,"eval/shannonentropy@10":0.0049,"eval/averagepopularity@10":1336.194,"valid/precision@10":0.0539,"_timestamp":1.74931995683827e+09,"valid/ndcg@10":0.0744,"eval/itemcoverage@10":0.302,"valid_step":40,"valid/tailpercentage@10":0.0002,"valid/itemcoverage@10":0.3828,"_runtime":156.218243,"valid/hit@10":0.4213,"eval/hit@10":0.4329,"eval/tailpercentage@10":0}